{
  "hash": "c4a2557a",
  "configHash": "59102d48",
  "lockfileHash": "7572817d",
  "browserHash": "20ac14b5",
  "optimized": {
    "@angular/common": {
      "src": "../../../../../node_modules/@angular/common/fesm2022/common.mjs",
      "file": "@angular_common.js",
      "fileHash": "818253c5",
      "needsInterop": false
    },
    "@angular/common/http": {
      "src": "../../../../../node_modules/@angular/common/fesm2022/http.mjs",
      "file": "@angular_common_http.js",
      "fileHash": "8933fa66",
      "needsInterop": false
    },
    "@angular/core": {
      "src": "../../../../../node_modules/@angular/core/fesm2022/core.mjs",
      "file": "@angular_core.js",
      "fileHash": "2445a9c2",
      "needsInterop": false
    },
    "@angular/forms": {
      "src": "../../../../../node_modules/@angular/forms/fesm2022/forms.mjs",
      "file": "@angular_forms.js",
      "fileHash": "803a403d",
      "needsInterop": false
    },
    "@angular/platform-browser": {
      "src": "../../../../../node_modules/@angular/platform-browser/fesm2022/platform-browser.mjs",
      "file": "@angular_platform-browser.js",
      "fileHash": "aff29d49",
      "needsInterop": false
    },
    "@angular/platform-browser/animations": {
      "src": "../../../../../node_modules/@angular/platform-browser/fesm2022/animations.mjs",
      "file": "@angular_platform-browser_animations.js",
      "fileHash": "b7f5a71b",
      "needsInterop": false
    },
    "@angular/router": {
      "src": "../../../../../node_modules/@angular/router/fesm2022/router.mjs",
      "file": "@angular_router.js",
      "fileHash": "78490faf",
      "needsInterop": false
    },
    "jwt-decode": {
      "src": "../../../../../node_modules/jwt-decode/build/esm/index.js",
      "file": "jwt-decode.js",
      "fileHash": "efedb46d",
      "needsInterop": false
    },
    "rxjs": {
      "src": "../../../../../node_modules/rxjs/dist/esm5/index.js",
      "file": "rxjs.js",
      "fileHash": "785342a1",
      "needsInterop": false
    },
    "rxjs/operators": {
      "src": "../../../../../node_modules/rxjs/dist/esm5/operators/index.js",
      "file": "rxjs_operators.js",
      "fileHash": "296681be",
      "needsInterop": false
    }
  },
  "chunks": {
    "chunk-DMYCK7FY": {
      "file": "chunk-DMYCK7FY.js"
    },
    "chunk-PPYEMQR5": {
      "file": "chunk-PPYEMQR5.js"
    },
    "chunk-BIMBYK3Y": {
      "file": "chunk-BIMBYK3Y.js"
    },
    "chunk-QMZKVUQX": {
      "file": "chunk-QMZKVUQX.js"
    },
    "chunk-SG3BCSKH": {
      "file": "chunk-SG3BCSKH.js"
    },
    "chunk-SAVXX6OM": {
      "file": "chunk-SAVXX6OM.js"
    },
    "chunk-PQ7O3X3G": {
      "file": "chunk-PQ7O3X3G.js"
    },
    "chunk-J4B6MK7R": {
      "file": "chunk-J4B6MK7R.js"
    }
  }
}